{"cameraMode":{"drawMode":0,"name":"Shaded","section":"Shading Mode"},"sceneLighting":true,"audioPlay":false,"sceneViewState":{"showFog":true,"showMaterialUpdate":false,"showSkybox":true,"showFlares":true,"showImageEffects":true,"showParticleSystems":true},"in2DMode":false,"pivot":{"x":-80.87586975097656,"y":-44.9503173828125,"z":-27.119565963745118},"rotation":{"x":-0.12924645841121674,"y":0.7877193093299866,"z":-0.17681914567947389,"w":-0.5757856369018555},"size":95.76765441894531,"orthographic":false}