{"cameraMode":{"drawMode":0,"name":"Shaded","section":"Shading Mode"},"sceneLighting":true,"audioPlay":false,"sceneViewState":{"showFog":false,"showMaterialUpdate":false,"showSkybox":false,"showFlares":false,"showImageEffects":false,"showParticleSystems":false},"in2DMode":false,"pivot":{"x":0.8872957825660706,"y":-1.4680848121643067,"z":20.951549530029298},"rotation":{"x":-0.28950029611587527,"y":0.146281898021698,"z":-0.04481947049498558,"w":-0.9448719024658203},"size":17.59351921081543,"orthographic":false}