{"cameraMode":{"drawMode":0,"name":"Shaded","section":"Shading Mode"},"sceneLighting":true,"audioPlay":false,"sceneViewState":{"showFog":true,"showMaterialUpdate":false,"showSkybox":true,"showFlares":true,"showImageEffects":true,"showParticleSystems":true},"in2DMode":false,"pivot":{"x":-18.279409408569337,"y":-44.916709899902347,"z":88.1551284790039},"rotation":{"x":0.23238106071949006,"y":-0.10046009719371796,"z":0.024140413850545884,"w":0.9671264290809631},"size":59.895912170410159,"orthographic":false}