{"cameraMode":{"drawMode":0,"name":"Shaded","section":"Shading Mode"},"sceneLighting":false,"audioPlay":false,"sceneViewState":{"showFog":true,"showMaterialUpdate":false,"showSkybox":false,"showFlares":true,"showImageEffects":true,"showParticleSystems":true},"in2DMode":false,"pivot":{"x":-0.8999999761581421,"y":0.6029510498046875,"z":10.73497200012207},"rotation":{"x":0.11839365214109421,"y":0.04795136675238609,"z":-0.005722085013985634,"w":0.9918019771575928},"size":1.0651664733886719,"orthographic":false}