{"cameraMode":{"drawMode":0,"name":"Shaded","section":"Shading Mode"},"sceneLighting":false,"audioPlay":false,"sceneViewState":{"showFog":true,"showMaterialUpdate":false,"showSkybox":false,"showFlares":true,"showImageEffects":true,"showParticleSystems":true},"in2DMode":false,"pivot":{"x":3.92246413230896,"y":1.6576175689697266,"z":5.2373366355896},"rotation":{"x":-0.6569899916648865,"y":0.025312403216958047,"z":-0.022081676870584489,"w":-0.7531532645225525},"size":5.843250274658203,"orthographic":false}